Date,Temperature,Rainfall,Humidity,Water_Consumption,Reservoir_Level,Groundwater_Level,Pressure,Flow_Rate,Leakage_Status,Water_Shortage_Risk
2023-01-01,29.5,211.3,68,8147,63,15.9,67.9,97.6,No,Low
2023-01-02,18.5,249.6,46,3821,76,23.7,52.1,74.9,No,Low
2023-01-03,27.1,114.0,82,4154,40,18.1,76.6,76.3,No,Low
2023-01-04,27.9,230.3,60,1756,21,19.9,52.6,40.7,Yes,Low
2023-01-05,28.5,11.2,59,2634,57,33.3,72.9,113.3,No,Medium
2023-01-06,43.3,186.9,32,8557,32,24.9,33.9,116.6,Yes,Medium
2023-01-07,24.7,127.0,59,4499,78,36.1,30.9,87.8,Yes,Low
2023-01-08,19.0,157.6,74,7387,93,13.2,50.9,113.5,No,Low
2023-01-09,27.5,77.6,87,1800,51,12.6,56.3,71.5,No,Low
2023-01-10,31.1,177.3,84,5780,74,36.7,22.8,82.2,Yes,Low
2023-01-11,32.4,98.1,53,8971,93,17.6,28.9,83.7,Yes,Low
2023-01-12,40.6,106.9,86,6910,39,27.9,31.1,56.3,Yes,Low
2023-01-13,34.1,112.5,35,5839,29,39.2,40.7,102.0,No,Medium
2023-01-14,27.6,35.0,31,2804,63,22.9,53.7,81.9,No,Low
2023-01-15,31.8,25.8,84,2709,35,16.0,52.8,119.0,No,Low
2023-01-16,27.8,73.8,35,5734,89,34.9,67.0,41.4,Yes,Low
2023-01-17,24.8,187.6,32,5960,98,29.5,21.5,89.3,Yes,Low
2023-01-18,28.2,133.6,93,4872,43,23.8,28.9,89.7,Yes,Low
2023-01-19,42.8,17.2,55,1583,92,13.2,56.5,86.2,No,Medium
2023-01-20,18.6,209.7,61,6468,79,13.5,45.2,68.5,No,Low
2023-01-21,36.5,150.4,49,5379,25,33.5,50.7,89.3,No,Medium
2023-01-22,44.9,239.3,50,7047,81,25.0,56.1,49.6,No,Medium
2023-01-23,37.3,58.9,57,2404,48,17.8,42.7,80.7,No,Low
2023-01-24,32.8,150.8,42,3873,66,31.8,42.2,41.3,Yes,Low
2023-01-25,41.5,80.9,73,3840,38,9.1,27.5,75.1,Yes,Low
2023-01-26,20.1,34.7,52,6004,43,9.2,35.2,109.3,No,Low
2023-01-27,31.3,39.9,86,2886,92,10.5,49.5,109.8,No,Low
2023-01-28,45.0,32.7,48,5092,28,10.9,22.2,67.9,Yes,Medium
2023-01-29,27.9,87.1,88,8484,95,28.1,32.7,102.1,Yes,Low
2023-01-30,41.0,141.4,54,5094,67,6.0,72.1,77.6,No,Low
2023-01-31,39.7,82.2,74,5340,77,35.3,44.3,102.6,No,Medium
2023-02-01,35.5,29.8,54,4925,32,14.3,75.9,96.8,No,Medium
2023-02-02,29.6,34.7,89,6964,42,9.2,41.2,53.0,No,Low
2023-02-03,42.8,176.1,32,6324,61,19.0,49.9,43.1,Yes,Low
2023-02-04,26.8,156.1,48,1880,100,26.1,26.7,72.3,Yes,Low
2023-02-05,37.4,7.6,61,4871,46,5.6,58.3,101.5,No,Medium
2023-02-06,42.4,14.6,50,6173,59,8.6,42.2,69.7,No,Medium
2023-02-07,42.7,180.2,70,6098,85,26.9,38.5,84.6,No,Low
2023-02-08,27.3,241.6,60,2019,23,19.7,64.1,105.1,No,Low
2023-02-09,27.3,23.8,41,2048,96,28.0,29.3,31.8,Yes,Low
2023-02-10,23.7,80.7,88,3427,53,16.7,54.4,87.3,No,Low
2023-02-11,35.7,130.3,80,8100,66,29.2,24.5,62.9,Yes,Low
2023-02-12,33.0,163.6,88,2101,92,25.5,24.1,81.3,Yes,Low
2023-02-13,25.2,157.8,40,4648,26,22.0,67.8,33.7,Yes,Low
2023-02-14,41.0,196.6,81,2714,61,5.6,25.3,46.9,Yes,Low
2023-02-15,18.7,116.0,37,2371,80,17.9,25.8,47.9,Yes,Low
2023-02-16,34.1,37.9,51,3437,62,28.8,59.0,30.4,Yes,Low
2023-02-17,20.7,19.9,84,5363,81,34.8,21.4,93.0,Yes,Medium
2023-02-18,30.5,114.7,78,2146,39,19.3,53.4,87.3,No,Low
2023-02-19,19.9,96.5,62,5413,90,37.9,48.3,75.9,No,Low
2023-02-20,43.1,114.7,31,6311,49,36.2,43.0,50.3,No,Medium
2023-02-21,30.7,174.4,83,1533,88,22.2,57.8,59.6,No,Low
2023-02-22,39.9,84.4,82,6440,70,34.6,59.0,115.4,No,Medium
2023-02-23,26.3,66.3,86,5208,78,24.5,51.3,104.4,No,Low
2023-02-24,39.6,162.3,56,4738,70,33.0,21.5,104.9,Yes,Medium
2023-02-25,32.2,200.0,71,2325,60,26.1,23.8,44.3,Yes,Low
2023-02-26,28.6,47.4,69,7456,91,18.8,44.7,101.0,No,Low
2023-02-27,34.0,133.6,66,7494,73,29.6,50.5,55.2,No,Low
2023-02-28,44.2,231.2,65,6597,44,17.6,45.4,98.6,No,Low
2023-03-01,21.3,142.6,64,6221,35,30.9,49.4,96.9,No,Low
2023-03-02,19.8,39.1,91,8625,62,22.6,32.0,41.2,Yes,Low
2023-03-03,34.3,61.5,34,8396,32,36.6,71.8,34.7,Yes,Medium
2023-03-04,25.8,204.1,49,1858,71,28.9,62.0,95.1,No,Low
2023-03-05,38.1,136.5,76,7947,71,24.7,33.6,92.5,Yes,Medium
2023-03-06,37.9,166.9,63,6828,36,29.0,63.7,93.9,No,Low
2023-03-07,34.2,39.4,49,5921,48,23.2,74.3,71.7,No,Low
2023-03-08,27.8,176.6,36,2530,62,7.9,66.9,65.5,No,Low
2023-03-09,30.7,99.6,83,4612,97,32.8,56.4,37.8,Yes,Low
2023-03-10,34.2,34.7,42,5634,89,40.0,75.9,60.5,No,Low
2023-03-11,20.4,231.1,83,7876,56,36.5,57.6,84.3,No,Medium
2023-03-12,22.8,124.8,50,6825,98,12.0,64.9,102.4,No,Low
2023-03-13,23.7,138.9,82,4530,35,39.1,55.2,56.1,No,Low
2023-03-14,40.9,56.1,66,7248,23,29.3,55.7,66.0,No,Medium
2023-03-15,22.8,28.6,62,4426,28,14.8,51.5,97.0,No,Medium
2023-03-16,33.8,131.2,72,2742,22,34.8,49.3,35.6,Yes,Medium
2023-03-17,20.7,85.8,32,7555,90,30.0,54.9,83.0,No,Low
2023-03-18,25.9,217.0,66,7020,35,18.1,24.7,66.8,Yes,Low
2023-03-19,26.6,69.8,73,3352,87,22.8,52.9,35.1,Yes,Low
2023-03-20,29.2,153.4,89,7169,37,36.8,71.8,60.2,No,Medium
2023-03-21,34.9,244.1,52,2315,49,12.5,56.2,60.0,No,Low
2023-03-22,36.2,7.9,75,6554,99,21.4,43.3,89.6,No,Medium
2023-03-23,39.6,12.8,30,2013,64,38.8,38.8,56.9,No,Medium
2023-03-24,25.3,107.9,64,8798,81,18.2,56.5,40.9,Yes,Low
2023-03-25,31.0,92.4,54,2474,99,27.6,60.1,113.4,No,Low
2023-03-26,39.9,244.5,35,3650,40,39.9,33.8,104.1,Yes,Medium
2023-03-27,35.0,33.7,80,6562,88,38.7,52.8,44.3,Yes,Low
2023-03-28,37.2,163.4,52,3780,38,21.9,42.6,43.8,Yes,Low
2023-03-29,44.4,207.3,36,6114,84,31.9,41.2,52.0,No,Medium
2023-03-30,39.1,132.1,49,3925,70,38.2,62.7,40.8,Yes,Medium
2023-03-31,21.1,30.4,58,2900,92,28.4,36.7,74.7,No,Low
2023-04-01,22.9,158.8,57,8549,48,30.8,30.2,104.1,Yes,Medium
2023-04-02,33.6,111.8,55,6978,64,9.8,63.4,99.3,No,Low
2023-04-03,22.1,93.7,32,3493,66,10.0,71.5,110.9,No,Low
2023-04-04,34.8,50.5,94,8730,48,30.8,50.5,117.2,No,Medium
2023-04-05,42.6,138.0,32,4296,39,30.5,32.9,54.3,Yes,Medium
2023-04-06,36.7,59.1,83,2819,52,13.2,49.2,31.2,Yes,Low
2023-04-07,18.4,37.0,86,4191,92,27.3,31.2,71.3,Yes,Low
2023-04-08,34.4,32.8,37,2350,65,38.0,27.2,71.5,Yes,Low
2023-04-09,24.8,239.5,52,8686,76,29.9,73.0,108.6,No,Low
2023-04-10,20.8,36.6,81,6540,96,25.5,32.2,83.0,Yes,Low
2023-04-11,37.5,140.6,82,3353,50,31.6,40.5,98.3,No,Medium
2023-04-12,19.4,109.9,75,2116,84,35.6,79.4,69.3,No,Low
2023-04-13,26.0,228.9,95,3652,95,23.3,38.0,83.8,No,Low
2023-04-14,18.8,23.1,67,1525,79,19.3,60.0,41.1,Yes,Low
2023-04-15,19.6,68.4,61,7895,72,16.4,67.7,39.2,Yes,Low
2023-04-16,22.7,82.9,46,3813,84,8.1,47.8,110.4,No,Low
2023-04-17,34.3,245.3,54,1586,70,28.7,36.7,111.9,No,Low
2023-04-18,22.2,88.5,73,2212,53,38.2,58.1,49.2,No,Low
2023-04-19,37.1,200.6,73,8922,53,19.3,20.3,42.4,Yes,Medium
2023-04-20,34.8,24.3,88,5178,62,36.4,44.6,45.0,No,Medium
2023-04-21,21.1,180.4,70,6490,48,9.4,31.7,114.5,Yes,Low
2023-04-22,41.0,66.1,46,1831,43,31.1,25.2,45.8,Yes,Medium
2023-04-23,36.2,50.7,72,7298,65,27.6,44.9,77.4,No,Medium
2023-04-24,33.4,244.6,62,2780,73,33.1,54.4,69.4,No,Low
2023-04-25,44.6,29.6,77,5691,35,32.5,69.8,66.3,No,Medium
2023-04-26,24.7,101.1,67,4789,73,37.9,36.4,44.6,Yes,Low
2023-04-27,24.3,106.0,52,4241,37,13.2,43.0,92.6,No,Low
2023-04-28,44.1,84.8,65,2632,53,20.3,49.9,40.4,Yes,Low
2023-04-29,33.8,211.6,63,5968,59,19.4,79.7,52.7,No,Low
2023-04-30,30.7,158.1,94,6705,64,24.5,40.9,102.4,No,Low
2023-05-01,29.1,71.9,47,6515,24,21.1,73.8,35.7,Yes,Low
2023-05-02,44.9,48.1,93,6303,93,20.4,44.3,81.6,No,Low
2023-05-03,38.0,159.5,43,4720,84,24.6,25.4,36.3,Yes,Low
2023-05-04,28.8,22.9,42,2322,99,16.7,46.2,69.1,No,Low
2023-05-05,28.1,113.0,62,1591,32,7.3,67.5,63.2,No,Low
2023-05-06,27.1,5.0,85,7989,58,15.8,46.5,34.7,Yes,Medium
2023-05-07,26.2,169.5,48,4887,43,33.3,43.6,92.3,No,Low
2023-05-08,37.2,46.4,32,4638,85,9.7,42.6,30.4,Yes,Low
2023-05-09,36.6,92.9,92,8099,37,17.4,30.8,64.3,Yes,Medium
2023-05-10,37.9,100.3,63,2132,93,38.1,76.7,74.4,No,Medium
2023-05-11,27.5,51.7,54,5385,84,34.3,31.4,67.4,Yes,Low
2023-05-12,31.5,229.2,41,7196,74,6.5,74.2,52.2,No,Low
2023-05-13,27.2,126.9,87,5634,59,34.8,27.2,103.2,Yes,Low
2023-05-14,25.5,41.2,59,5384,35,28.4,30.1,69.1,Yes,Low
2023-05-15,43.7,235.7,34,6103,78,6.5,75.5,61.9,No,Low
2023-05-16,19.1,196.5,88,7664,25,39.6,60.2,114.9,No,Medium
2023-05-17,22.5,208.5,66,7053,66,5.9,77.8,87.3,No,Low
2023-05-18,20.6,230.5,80,2945,68,33.1,27.5,105.9,Yes,Low
2023-05-19,44.7,175.3,40,6272,63,24.2,32.6,46.4,Yes,Low
2023-05-20,29.5,110.7,65,7517,28,18.2,63.0,106.0,No,Medium
2023-05-21,31.6,13.6,87,2694,28,18.9,75.9,65.4,No,Medium
2023-05-22,31.2,94.3,90,4129,94,5.7,34.4,43.0,Yes,Low
2023-05-23,21.3,70.9,68,4665,75,10.5,39.5,97.1,No,Low
2023-05-24,43.9,67.1,73,7329,96,39.5,40.4,62.7,No,Medium
2023-05-25,43.9,234.4,61,6393,43,31.5,52.5,111.8,No,Medium
2023-05-26,31.5,240.6,84,3730,51,11.8,58.6,68.5,No,Low
2023-05-27,19.2,38.4,59,1614,70,34.6,67.0,91.6,No,Low
2023-05-28,18.9,57.8,44,8081,74,23.9,34.5,61.6,Yes,Low
2023-05-29,33.0,152.1,46,4014,61,24.3,57.2,60.3,No,Low
2023-05-30,43.7,40.3,58,1548,74,31.1,66.7,72.6,No,Medium
2023-05-31,40.0,87.8,76,6620,70,32.2,59.0,55.0,No,Medium
2023-06-01,42.8,183.5,44,3969,96,20.6,73.9,92.6,No,Low
2023-06-02,40.9,48.6,54,7016,93,23.1,56.9,116.6,No,Medium
2023-06-03,25.2,194.5,79,4122,81,34.6,20.3,62.2,Yes,Low
2023-06-04,32.2,129.7,82,3726,57,26.0,27.4,101.2,Yes,Low
2023-06-05,25.2,157.7,80,3203,44,34.3,66.8,55.2,No,Low
2023-06-06,21.5,103.7,71,5988,42,24.6,70.5,44.7,Yes,Low
2023-06-07,28.2,161.3,48,2636,71,37.8,53.6,60.9,No,Low
2023-06-08,34.4,183.4,61,8452,31,12.9,72.7,90.1,No,Medium
2023-06-09,33.4,109.9,93,2790,33,24.2,68.7,64.4,No,Low
2023-06-10,18.7,208.6,85,8640,47,19.8,56.5,108.2,No,Low
2023-06-11,28.8,223.4,80,1774,39,37.5,72.6,99.8,No,Low
2023-06-12,38.5,50.8,55,7111,55,26.5,44.2,53.7,No,Medium
2023-06-13,26.1,240.0,47,4490,51,18.3,60.9,48.6,No,Low
2023-06-14,23.2,175.8,84,5822,40,21.4,76.5,67.6,No,Low
2023-06-15,30.4,140.0,91,8323,59,32.7,65.9,104.8,No,Medium
2023-06-16,43.3,182.3,44,2065,57,9.7,40.0,107.7,No,Low
2023-06-17,34.2,14.0,33,1773,70,27.8,44.8,68.2,No,Low
2023-06-18,20.5,207.6,61,6704,63,11.6,78.5,41.0,Yes,Low
2023-06-19,26.5,2.5,79,3411,36,10.3,37.5,79.1,No,Low
2023-06-20,31.6,57.5,42,6825,84,13.0,28.4,83.9,Yes,Low
2023-06-21,40.1,17.0,86,3289,48,38.0,29.3,117.0,Yes,Medium
2023-06-22,22.2,187.3,56,3171,35,24.5,59.8,107.0,No,Low
2023-06-23,26.0,98.8,79,6213,50,10.5,45.4,40.4,Yes,Low
2023-06-24,19.9,118.4,46,7201,35,15.8,31.4,92.3,Yes,Low
2023-06-25,27.5,54.9,76,5196,91,15.5,47.2,80.3,No,Low
2023-06-26,36.0,80.6,95,8651,69,10.5,26.5,43.6,Yes,Low
2023-06-27,44.9,172.5,78,3199,66,25.6,21.9,96.0,Yes,Low
2023-06-28,22.5,101.2,47,6825,25,36.2,50.0,50.5,No,Medium
2023-06-29,19.1,78.5,82,5911,56,32.2,45.0,55.1,No,Low
2023-06-30,23.5,39.1,38,3363,84,38.9,41.5,112.2,No,Low
2023-07-01,35.1,3.3,55,6927,65,15.1,73.0,103.3,No,Low
2023-07-02,39.5,15.8,82,4956,44,23.6,32.9,116.8,Yes,Medium
2023-07-03,25.0,187.6,87,3642,80,9.4,35.5,104.3,No,Low
2023-07-04,28.3,97.9,53,5043,68,9.7,54.2,86.0,No,Low
2023-07-05,32.0,129.7,73,2198,83,30.4,80.0,102.2,No,Low
2023-07-06,24.6,246.8,48,5649,56,29.5,56.2,68.3,No,Low
2023-07-07,29.1,130.0,70,8473,87,19.1,24.2,117.0,Yes,Low
2023-07-08,39.2,21.6,51,8683,36,23.2,68.9,104.6,No,Medium
2023-07-09,21.2,114.9,78,3079,21,21.9,22.3,76.4,Yes,Low
2023-07-10,20.2,91.7,88,2093,63,23.8,45.1,87.0,No,Low
2023-07-11,33.1,229.0,64,2655,64,23.9,44.4,100.3,No,Low
2023-07-12,33.4,23.7,46,5653,98,30.8,48.6,107.3,No,Medium
2023-07-13,22.5,212.8,93,4224,57,26.2,27.9,104.1,Yes,Low
2023-07-14,32.1,101.0,72,5460,21,9.2,29.4,98.3,Yes,Low
2023-07-15,41.0,237.2,42,8232,97,35.9,48.4,38.0,Yes,Medium
2023-07-16,23.7,161.6,38,2752,20,28.0,51.0,92.1,No,Low
2023-07-17,29.7,94.9,94,4893,91,13.8,78.0,60.3,No,Low
2023-07-18,26.6,199.7,50,5374,44,31.9,70.5,84.2,No,Low
2023-07-19,44.9,126.0,39,2524,47,26.3,41.0,48.4,No,Low
2023-07-20,37.0,113.6,53,7411,95,19.8,46.6,97.5,No,Medium
2023-07-21,36.5,233.7,75,3141,37,10.5,37.6,60.6,No,Low
2023-07-22,38.4,223.8,91,6212,82,17.6,38.8,84.6,No,Low
2023-07-23,19.8,35.7,74,6529,37,34.1,72.2,95.5,No,Low
2023-07-24,36.0,214.5,92,3147,42,8.7,49.6,106.0,No,Low
2023-07-25,38.8,207.0,42,1944,83,12.2,32.2,91.7,Yes,Low
2023-07-26,18.1,229.8,68,6100,66,12.0,69.2,33.2,Yes,Low
2023-07-27,30.5,218.2,65,6136,94,37.1,51.4,58.3,No,Low
2023-07-28,26.5,47.7,49,5345,53,32.8,33.3,116.4,Yes,Low
2023-07-29,34.2,224.5,39,3018,21,35.6,40.9,51.5,No,Medium
2023-07-30,44.1,158.6,36,3522,38,12.9,75.2,108.2,No,Low
2023-07-31,27.3,83.1,57,6061,34,28.5,79.9,62.9,No,Low
2023-08-01,30.9,35.6,82,5900,99,21.0,79.9,102.1,No,Low
2023-08-02,43.6,115.7,40,4000,57,27.2,39.7,63.3,No,Low
2023-08-03,22.2,156.4,36,3379,93,18.5,33.2,37.9,Yes,Low
2023-08-04,39.2,92.8,68,1558,56,22.7,36.5,46.4,No,Low
2023-08-05,23.1,66.9,39,4318,57,21.3,77.1,92.3,No,Low
2023-08-06,31.7,218.3,66,6271,74,18.0,56.8,35.5,Yes,Low
2023-08-07,19.6,167.9,88,7078,54,15.2,38.6,107.3,No,Low
2023-08-08,29.5,203.2,79,5378,97,33.5,44.5,105.4,No,Low
2023-08-09,29.7,117.7,72,7190,47,28.0,41.3,98.0,No,Low
2023-08-10,34.4,234.9,84,5030,93,33.9,40.1,82.6,No,Low
2023-08-11,44.9,63.6,50,2110,37,15.5,45.1,118.5,No,Low
2023-08-12,31.0,43.5,34,2035,65,12.1,71.3,55.9,No,Low
2023-08-13,29.9,242.6,46,3730,84,19.0,30.2,73.3,Yes,Low
2023-08-14,24.3,175.9,39,2613,50,26.2,30.8,106.6,Yes,Low
2023-08-15,32.3,142.8,62,3992,64,7.4,42.9,46.5,No,Low
2023-08-16,21.1,213.6,40,8792,97,22.2,29.6,61.0,Yes,Low
2023-08-17,26.1,122.5,30,2373,95,20.2,57.3,119.8,No,Low
2023-08-18,26.1,165.5,32,3176,32,12.2,25.1,40.3,Yes,Low
2023-08-19,32.8,219.7,48,7182,92,7.8,64.8,33.4,Yes,Low
2023-08-20,20.6,236.8,48,7911,59,12.8,24.8,103.5,Yes,Low
2023-08-21,33.4,196.2,61,8301,75,28.7,79.7,82.0,No,Low
2023-08-22,44.5,98.0,59,7747,95,12.2,39.9,92.4,No,Medium
2023-08-23,38.3,115.3,65,8917,60,29.8,29.9,88.7,Yes,Medium
2023-08-24,42.3,175.1,50,2279,36,34.6,21.2,54.3,Yes,Medium
2023-08-25,32.2,228.0,62,6807,52,12.1,66.9,114.6,No,Low
2023-08-26,28.4,33.2,55,5873,60,20.0,30.7,67.4,Yes,Low
2023-08-27,27.2,227.2,30,5759,26,15.3,52.5,114.8,No,Low
2023-08-28,44.0,229.3,46,4499,72,13.1,75.8,52.4,No,Low
2023-08-29,34.2,198.4,72,3886,37,8.6,35.1,56.2,No,Low
2023-08-30,40.8,0.3,85,7183,57,25.3,26.0,114.6,Yes,Medium
2023-08-31,30.8,130.0,61,2070,68,34.4,70.1,85.2,No,Low
2023-09-01,33.1,152.4,49,4881,70,23.5,22.2,116.2,Yes,Low
2023-09-02,24.1,193.9,76,8037,91,16.3,65.3,116.1,No,Low
2023-09-03,18.3,212.1,59,6044,60,35.6,56.7,44.1,Yes,Low
2023-09-04,21.2,59.6,74,5702,59,12.1,56.1,110.1,No,Low
2023-09-05,35.0,99.8,35,1910,24,33.0,48.6,34.1,Yes,Medium
2023-09-06,44.2,21.7,78,4285,95,10.0,62.7,30.9,Yes,Medium
2023-09-07,32.6,173.3,45,8073,89,29.0,25.3,51.5,Yes,Low
2023-09-08,42.5,165.0,41,4459,56,27.3,48.0,69.4,No,Low
2023-09-09,44.7,11.1,47,6248,89,25.4,24.0,50.7,Yes,Medium
2023-09-10,33.1,218.7,55,5379,79,38.8,36.0,47.0,No,Low
2023-09-11,20.7,85.1,53,7749,58,6.2,33.2,100.7,Yes,Low
2023-09-12,31.2,92.0,57,8726,48,15.7,74.1,50.4,No,Low
2023-09-13,23.9,114.0,87,4774,44,10.1,35.0,48.0,No,Low
2023-09-14,36.3,186.9,64,3872,84,22.6,78.6,69.1,No,Low
2023-09-15,34.1,202.2,35,7117,89,24.7,31.4,76.7,Yes,Low
2023-09-16,25.1,205.2,72,1750,98,16.4,73.3,61.6,No,Low
2023-09-17,31.6,44.2,57,5622,45,15.6,70.6,79.4,No,Low
2023-09-18,36.5,215.2,64,7823,56,32.2,70.0,104.2,No,Medium
2023-09-19,31.8,166.9,94,8922,21,8.3,50.7,113.3,No,Medium
2023-09-20,32.9,161.1,37,3264,89,27.0,64.3,80.1,No,Low
2023-09-21,35.2,169.3,80,2039,60,33.6,28.5,82.6,Yes,Low
2023-09-22,36.7,83.9,63,6209,60,27.9,49.5,61.1,No,Low
2023-09-23,26.6,32.8,40,8002,57,31.0,43.1,78.7,No,Medium
2023-09-24,43.1,122.2,35,8632,26,35.3,39.0,54.8,No,High
2023-09-25,29.5,82.7,37,7503,64,7.3,35.2,103.1,No,Low
2023-09-26,27.1,205.4,87,3448,55,23.4,37.5,47.6,No,Low
2023-09-27,19.0,21.1,68,7803,35,31.8,28.7,54.1,Yes,Medium
2023-09-28,22.0,211.5,42,7566,97,21.0,24.1,62.8,Yes,Low
2023-09-29,22.4,132.7,93,7577,45,10.1,69.2,60.2,No,Low
2023-09-30,40.6,203.1,81,1943,35,39.4,58.7,55.6,No,Medium
2023-10-01,30.1,59.1,34,6519,51,11.7,61.2,41.3,Yes,Low
2023-10-02,39.1,155.2,69,8681,69,38.5,42.0,67.6,No,Medium
2023-10-03,38.1,35.9,53,8678,86,19.7,46.1,111.7,No,Medium
2023-10-04,40.2,228.3,77,2277,53,15.5,71.5,36.3,Yes,Low
2023-10-05,23.3,149.1,92,6206,83,18.1,29.2,98.0,Yes,Low
2023-10-06,29.5,25.5,31,2736,91,34.5,50.8,65.8,No,Medium
2023-10-07,28.5,29.4,88,8951,91,30.8,40.9,34.9,Yes,Medium
2023-10-08,34.7,100.0,51,7768,38,19.0,56.5,72.2,No,Low
2023-10-09,25.0,130.3,36,1759,59,13.3,76.3,78.7,No,Low
2023-10-10,19.3,65.4,35,6714,26,39.9,69.9,100.4,No,Medium
2023-10-11,41.9,178.0,48,5874,65,15.7,35.7,90.7,No,Low
2023-10-12,21.0,178.8,95,7721,65,35.6,50.9,76.0,No,Medium
2023-10-13,37.2,99.9,37,8966,60,31.7,60.6,49.3,No,Medium
2023-10-14,43.1,3.6,62,5534,81,22.2,25.7,40.7,Yes,Medium
2023-10-15,22.6,110.1,76,2146,79,23.1,56.3,55.7,No,Low
2023-10-16,33.9,129.4,30,2037,75,35.8,64.4,109.2,No,Low
2023-10-17,43.6,88.0,57,7957,56,7.4,57.3,84.6,No,Medium
2023-10-18,36.5,51.1,67,2870,67,21.8,78.5,113.4,No,Low
2023-10-19,26.0,100.5,45,1970,100,7.4,53.9,40.5,Yes,Low
2023-10-20,23.3,141.2,69,4028,89,21.0,60.7,72.5,No,Low
2023-10-21,44.6,88.2,89,5346,39,31.5,30.2,52.0,Yes,Medium
2023-10-22,18.4,48.6,35,4959,62,7.8,37.4,109.3,No,Low
2023-10-23,23.9,242.5,50,5500,95,15.7,59.1,117.7,No,Low
2023-10-24,40.4,26.7,89,7605,64,16.6,45.0,53.9,No,Medium
2023-10-25,20.3,236.4,65,5552,31,24.1,62.4,109.9,No,Low
2023-10-26,27.9,54.5,73,6013,39,35.2,24.4,78.7,Yes,Low
2023-10-27,42.1,102.2,39,7150,48,22.7,21.5,118.6,Yes,Medium
2023-10-28,39.0,216.8,90,3731,97,18.2,49.2,46.6,No,Low
2023-10-29,29.4,180.5,65,1504,41,14.3,53.4,60.2,No,Low
2023-10-30,35.6,98.3,30,6525,70,17.6,21.3,74.5,Yes,Low
2023-10-31,34.5,98.9,38,7407,81,36.9,69.9,86.8,No,Medium
2023-11-01,39.0,6.6,53,2644,82,7.7,66.8,42.6,Yes,Medium
2023-11-02,37.5,161.0,81,3569,40,28.6,40.2,100.7,No,Low
2023-11-03,34.4,96.3,73,1732,53,29.1,47.6,57.6,No,Low
2023-11-04,40.9,51.3,33,6472,30,35.7,41.6,74.1,No,Medium
2023-11-05,25.6,197.4,39,1976,79,11.4,44.4,45.6,No,Low
2023-11-06,32.7,73.9,68,8829,66,26.9,66.8,36.6,Yes,Low
2023-11-07,24.3,109.3,67,5695,96,32.8,50.4,52.6,No,Low
2023-11-08,40.7,200.5,53,6922,47,27.4,27.2,85.6,Yes,Low
2023-11-09,31.0,174.3,33,6754,45,19.0,78.8,47.3,No,Low
2023-11-10,29.1,107.1,93,4038,56,8.9,75.2,32.2,Yes,Low
2023-11-11,19.2,145.5,61,4994,76,10.6,67.4,93.7,No,Low
2023-11-12,25.3,110.2,36,1510,56,21.9,54.4,76.6,No,Low
2023-11-13,20.2,94.7,32,8864,72,32.2,71.6,71.4,No,Medium
2023-11-14,39.9,16.7,35,7115,96,37.3,70.6,63.5,No,High
2023-11-15,18.0,9.3,83,8049,54,5.2,45.7,102.4,No,Medium
2023-11-16,32.9,8.4,30,1862,21,8.2,67.5,66.5,No,Medium
2023-11-17,39.4,46.7,57,4492,83,38.6,75.3,90.8,No,Medium
2023-11-18,23.6,83.9,55,7822,61,35.7,33.9,48.5,Yes,Medium
2023-11-19,32.2,121.7,71,7958,43,26.6,26.5,59.9,Yes,Low
2023-11-20,29.4,140.2,68,7391,97,32.8,48.4,95.7,No,Medium
2023-11-21,39.4,36.8,66,7704,35,30.1,69.0,38.3,Yes,Medium
2023-11-22,23.2,241.2,31,2082,32,20.7,41.3,88.5,No,Low
2023-11-23,34.0,82.2,45,4877,81,11.6,64.9,35.8,Yes,Low
2023-11-24,36.5,135.6,40,6936,84,34.1,71.9,55.3,No,Medium
2023-11-25,22.2,172.0,58,8534,80,6.8,77.4,114.4,No,Low
2023-11-26,22.0,230.5,56,3122,79,27.4,35.2,90.0,No,Low
2023-11-27,31.3,50.5,63,4156,81,28.7,52.5,52.1,No,Low
2023-11-28,39.0,57.4,89,4062,30,5.6,51.7,97.9,No,Medium
2023-11-29,30.8,161.5,67,3077,99,34.5,46.6,54.1,No,Low
2023-11-30,37.2,227.7,92,6450,97,13.2,66.2,37.9,Yes,Low
2023-12-01,21.6,247.7,94,7142,40,5.6,32.3,35.1,Yes,Low
2023-12-02,35.1,199.3,66,3826,97,33.6,23.7,117.7,Yes,Low
2023-12-03,29.4,62.1,42,2506,88,37.8,35.2,61.1,No,Low
2023-12-04,40.0,5.9,66,6329,23,7.6,63.8,64.9,No,Medium
2023-12-05,30.8,220.5,94,6772,79,31.2,27.1,107.1,Yes,Low
2023-12-06,40.3,88.7,53,3831,66,8.6,54.7,36.7,Yes,Low
2023-12-07,21.7,151.9,76,7951,96,36.6,25.9,119.8,Yes,Medium
2023-12-08,27.4,104.6,44,3722,88,14.7,22.3,53.5,Yes,Low
2023-12-09,20.6,166.1,55,8867,56,38.4,35.8,34.4,Yes,Medium
2023-12-10,23.9,205.7,75,4733,72,9.4,71.3,43.7,Yes,Low
2023-12-11,39.8,228.3,63,4562,46,33.0,37.2,64.3,No,Medium
2023-12-12,37.0,165.8,83,6353,23,11.4,21.6,39.4,Yes,Medium
2023-12-13,37.3,72.3,56,8911,61,33.0,22.6,119.1,Yes,Medium
2023-12-14,24.5,122.3,49,8530,50,22.7,60.3,87.9,No,Low
2023-12-15,37.2,13.5,56,6497,42,11.9,68.8,94.4,No,Medium
2023-12-16,31.3,244.5,73,6545,55,9.1,41.0,36.0,Yes,Low
2023-12-17,18.7,20.0,84,4746,32,5.9,69.5,103.9,No,Medium
2023-12-18,34.2,205.0,40,4918,40,30.0,20.6,106.6,Yes,Low
2023-12-19,40.6,118.0,63,3232,20,33.7,40.3,87.8,No,Medium
2023-12-20,24.4,58.2,56,8694,80,9.4,59.5,53.5,No,Low
2023-12-21,32.9,94.7,87,6799,94,32.2,71.4,35.9,Yes,Low
2023-12-22,38.8,118.3,89,7594,32,22.2,61.1,96.9,No,Medium
2023-12-23,32.2,23.0,61,4155,30,27.5,69.5,108.8,No,Medium
2023-12-24,42.6,126.0,56,7168,59,15.8,43.3,57.8,No,Medium
2023-12-25,37.5,119.5,37,7704,96,14.7,29.1,44.4,Yes,Medium
2023-12-26,18.4,79.1,74,7988,50,16.6,63.7,73.1,No,Low
2023-12-27,21.8,208.0,40,2651,59,16.9,49.0,97.9,No,Low
2023-12-28,25.2,148.0,77,3526,94,34.1,53.8,110.6,No,Low
2023-12-29,26.4,16.2,43,4131,46,38.1,37.0,103.2,No,Medium
2023-12-30,27.7,79.0,36,8198,35,16.5,69.2,45.8,No,Low
2023-12-31,28.2,22.2,57,2786,89,18.3,36.5,84.5,No,Low
2024-01-01,34.0,65.8,92,5415,42,14.0,36.1,80.6,No,Low
2024-01-02,36.8,179.4,30,6328,93,17.5,27.4,58.7,Yes,Low
2024-01-03,30.2,120.0,88,2198,20,32.8,64.0,43.5,Yes,Medium
2024-01-04,42.5,181.8,49,4125,66,10.3,45.7,67.6,No,Low
2024-01-05,27.7,231.4,43,3569,29,36.5,55.1,110.2,No,Medium
2024-01-06,30.7,213.2,92,6856,20,9.7,70.5,34.8,Yes,Low
2024-01-07,20.0,71.0,43,2446,75,36.2,23.5,42.2,Yes,Low
2024-01-08,27.8,91.4,47,7924,34,37.2,77.5,112.5,No,Medium
2024-01-09,44.3,55.3,94,7995,77,34.5,36.9,99.5,No,Medium
2024-01-10,30.4,219.7,54,3237,37,12.7,73.4,66.7,No,Low
2024-01-11,25.3,190.6,63,2506,76,31.7,66.6,105.5,No,Low
2024-01-12,40.5,150.8,36,7569,39,16.9,76.3,116.0,No,Medium
2024-01-13,36.6,66.5,42,4535,50,36.8,45.4,82.7,No,Medium
2024-01-14,26.2,220.3,74,3220,74,17.0,28.5,107.1,Yes,Low
2024-01-15,35.4,164.2,89,2070,96,22.1,20.3,42.3,Yes,Low
2024-01-16,32.0,160.3,82,6321,78,35.1,48.8,113.8,No,Low
2024-01-17,19.4,166.9,58,2659,27,27.3,36.6,73.2,No,Low
2024-01-18,19.5,18.8,67,6015,62,12.6,34.2,68.6,Yes,Low
2024-01-19,43.9,133.4,95,2568,78,10.1,53.4,32.4,Yes,Low
2024-01-20,24.1,221.9,80,6430,72,34.3,61.1,42.4,Yes,Low
2024-01-21,37.1,183.3,92,5429,39,21.8,56.1,39.7,Yes,Low
2024-01-22,18.5,55.9,91,3174,44,39.4,71.1,59.0,No,Low
2024-01-23,37.1,40.4,89,8324,59,37.3,51.0,97.7,No,Medium
2024-01-24,34.4,115.8,59,4550,53,18.5,46.3,67.0,No,Low
2024-01-25,41.8,217.7,89,5364,58,37.2,79.7,119.6,No,Medium
2024-01-26,27.3,79.5,61,3540,34,10.1,40.9,70.6,No,Low
2024-01-27,32.6,32.8,51,1697,66,19.8,75.5,103.4,No,Low
2024-01-28,36.2,211.4,60,4318,91,13.2,63.9,66.1,No,Low
2024-01-29,25.4,1.3,90,6521,57,32.7,39.9,88.8,No,Medium
2024-01-30,43.2,56.0,86,7422,64,10.0,47.9,53.1,No,Medium
2024-01-31,30.5,131.0,91,7794,74,18.2,67.3,105.1,No,Low
2024-02-01,37.1,133.3,53,1544,31,8.2,39.4,43.1,Yes,Medium
2024-02-02,22.5,152.2,93,5657,59,8.3,28.6,32.7,Yes,Low
2024-02-03,23.7,168.0,57,2970,21,23.0,29.1,77.2,Yes,Low
2024-02-04,33.2,60.5,67,4132,95,13.6,51.6,94.1,No,Low
2024-02-05,37.9,20.8,81,2861,99,7.3,45.7,40.8,Yes,Medium
2024-02-06,24.6,194.7,56,6357,44,9.1,40.0,39.1,Yes,Low
2024-02-07,41.9,167.7,40,5391,22,31.4,37.4,109.8,No,Medium
2024-02-08,18.4,248.9,80,1803,86,18.5,22.8,90.6,Yes,Low
2024-02-09,43.2,9.8,41,6106,95,24.4,48.2,75.3,No,Medium
2024-02-10,33.9,148.0,31,8583,37,29.2,69.9,78.1,No,Low
2024-02-11,40.7,27.9,72,4082,28,25.5,62.9,116.9,No,Medium
2024-02-12,35.3,164.9,57,6841,87,18.2,54.0,80.2,No,Low
2024-02-13,19.6,54.4,95,7663,32,23.1,76.0,47.9,No,Medium
2024-02-14,36.8,145.6,63,4098,69,21.9,40.4,68.2,No,Low
2024-02-15,39.3,51.7,47,1747,86,23.8,30.9,43.2,Yes,Low
2024-02-16,20.6,129.1,85,7078,62,36.7,74.5,76.8,No,Medium
2024-02-17,40.5,7.6,94,1890,72,6.2,43.4,71.3,No,Medium
2024-02-18,27.0,38.5,30,7017,93,12.8,51.3,68.2,No,Low
2024-02-19,33.2,114.6,41,3817,81,6.5,37.5,52.9,No,Low
2024-02-20,24.1,101.9,30,3211,96,10.7,73.8,42.1,Yes,Low
2024-02-21,26.8,22.5,49,5611,32,11.2,34.0,35.0,Yes,Medium
2024-02-22,36.9,178.5,84,4608,76,24.4,72.4,103.0,No,Low
2024-02-23,41.7,140.0,71,8151,58,13.0,32.6,66.9,Yes,Medium
2024-02-24,33.0,120.9,64,3780,47,15.7,45.9,98.3,No,Low
2024-02-25,33.5,220.0,66,3452,36,26.3,67.7,83.3,No,Low
2024-02-26,33.7,22.1,42,8734,72,33.8,32.0,89.9,Yes,Medium
2024-02-27,23.3,224.5,85,6124,64,39.9,71.2,64.9,No,Low
2024-02-28,40.2,89.8,86,8195,43,28.4,76.2,117.4,No,Medium
2024-02-29,41.7,125.7,63,8277,46,31.9,55.0,36.8,Yes,Medium
2024-03-01,20.8,223.8,81,1837,59,9.8,45.3,79.7,No,Low
2024-03-02,32.2,14.2,41,6186,86,15.0,68.1,61.9,No,Low
2024-03-03,31.8,216.7,78,6595,49,18.2,52.1,94.0,No,Low
2024-03-04,39.0,54.7,80,3643,83,23.0,45.0,102.0,No,Low
2024-03-05,25.7,106.5,91,7231,84,12.4,26.5,102.0,Yes,Low
2024-03-06,35.0,102.5,53,4273,41,14.4,75.5,62.9,No,Low
2024-03-07,31.5,111.1,94,6281,37,26.4,55.8,69.6,No,Low
2024-03-08,30.0,60.6,87,5262,26,9.3,43.7,98.5,No,Low
2024-03-09,42.9,48.8,69,3076,57,25.2,46.3,37.0,Yes,Low
2024-03-10,32.4,69.6,64,6539,52,25.8,72.4,36.2,Yes,Low
2024-03-11,37.5,238.2,62,8374,88,19.1,57.0,42.4,Yes,Medium
2024-03-12,23.2,158.4,81,7247,44,17.7,33.8,35.8,Yes,Low
2024-03-13,20.1,202.0,45,2477,56,5.8,74.2,85.6,No,Low
2024-03-14,26.6,84.5,66,8887,72,11.6,30.1,73.8,Yes,Low
2024-03-15,20.0,187.2,62,3376,60,26.0,42.4,86.4,No,Low
2024-03-16,26.8,243.9,47,1905,98,26.1,56.3,75.0,No,Low
2024-03-17,22.5,84.7,79,7308,77,13.0,72.9,109.4,No,Low
2024-03-18,28.4,174.7,45,6649,24,19.9,74.0,35.5,Yes,Low
2024-03-19,43.5,194.4,45,8356,34,12.0,73.8,46.4,No,Medium
2024-03-20,20.4,107.2,46,7933,68,34.6,25.6,56.0,Yes,Medium
2024-03-21,24.2,84.8,85,3669,28,34.1,26.4,55.5,Yes,Medium
2024-03-22,25.9,34.4,72,5385,41,26.8,43.6,61.7,No,Low
2024-03-23,38.7,166.0,75,6038,74,37.7,69.2,45.9,No,Medium
2024-03-24,35.8,172.6,87,3154,35,22.3,43.0,89.1,No,Low
2024-03-25,27.5,73.3,44,6045,20,26.7,30.5,72.5,Yes,Low
2024-03-26,19.0,124.6,66,7455,46,12.7,42.9,89.7,No,Low
2024-03-27,19.7,3.6,51,7141,36,20.1,22.6,84.1,Yes,Medium
2024-03-28,44.2,160.7,88,4987,84,21.6,27.1,76.0,Yes,Low
2024-03-29,37.3,139.8,47,5391,91,5.6,53.9,85.5,No,Low
2024-03-30,29.7,111.7,72,7250,88,5.5,53.4,65.1,No,Low
2024-03-31,38.2,245.4,60,8023,92,22.2,52.5,79.3,No,Medium
2024-04-01,24.5,199.2,58,6729,76,22.9,52.6,115.5,No,Low
2024-04-02,43.2,65.3,43,3859,45,37.6,44.0,41.4,Yes,Medium
2024-04-03,41.8,157.6,67,5198,70,9.8,61.3,106.1,No,Low
2024-04-04,32.4,195.2,43,8144,66,5.8,68.5,90.1,No,Low
2024-04-05,19.7,211.0,31,1546,30,29.4,57.2,85.0,No,Low
2024-04-06,37.4,226.7,71,6712,83,28.3,44.6,58.4,No,Low
2024-04-07,24.5,2.1,59,6086,93,32.1,50.9,89.1,No,Medium
2024-04-08,26.0,82.0,40,5488,97,25.8,20.5,113.4,Yes,Low
2024-04-09,26.6,58.0,35,7566,71,31.3,44.4,59.8,No,Medium
2024-04-10,21.3,39.7,52,1830,96,10.9,55.8,105.1,No,Low
2024-04-11,38.7,103.7,62,4164,55,5.7,76.4,102.5,No,Low
2024-04-12,34.0,169.9,64,8452,31,39.6,51.2,42.2,Yes,Medium
2024-04-13,21.5,56.8,62,3646,40,11.4,65.2,35.6,Yes,Low
2024-04-14,40.3,94.2,58,8608,80,14.0,57.3,101.8,No,Medium
2024-04-15,23.5,248.5,43,5923,68,13.9,73.3,44.5,Yes,Low
2024-04-16,30.0,73.0,72,2099,52,26.8,77.4,53.7,No,Low
2024-04-17,22.2,117.0,36,3041,71,5.8,28.1,78.4,Yes,Low
2024-04-18,24.9,227.3,44,4342,24,16.5,36.1,42.4,Yes,Low
2024-04-19,39.8,3.7,41,6741,31,28.6,69.7,114.5,No,Medium
2024-04-20,18.2,135.8,95,3396,26,26.1,27.8,60.8,Yes,Low
2024-04-21,39.1,213.6,61,8328,64,21.5,69.1,38.9,Yes,Medium
2024-04-22,43.3,72.6,72,2226,41,15.2,65.6,88.7,No,Low
2024-04-23,36.2,19.8,66,6787,97,37.7,51.8,61.6,No,Medium
2024-04-24,32.1,242.1,41,6873,20,32.4,35.9,115.3,No,Medium
2024-04-25,20.6,142.2,59,7359,34,15.3,33.7,110.7,Yes,Medium
2024-04-26,20.7,199.5,46,8604,24,25.3,48.7,52.9,No,Medium
2024-04-27,26.0,113.5,55,7676,81,8.4,73.4,85.7,No,Low
2024-04-28,43.1,6.9,32,8225,89,28.6,32.3,71.0,Yes,Medium
2024-04-29,32.6,111.0,40,8062,23,23.0,65.2,119.7,No,Medium
2024-04-30,32.4,59.7,47,8780,76,32.7,59.7,49.4,No,Medium
2024-05-01,19.3,232.5,40,3467,53,8.5,68.0,30.4,Yes,Low
2024-05-02,23.5,121.5,71,3577,66,5.2,37.7,52.8,No,Low
2024-05-03,24.5,145.0,76,4483,76,17.3,63.6,52.1,No,Low
2024-05-04,30.5,34.8,93,8512,96,24.1,33.5,102.3,Yes,Low
2024-05-05,21.8,79.0,84,8443,68,12.5,68.7,55.1,No,Low
2024-05-06,30.3,1.7,66,2909,95,31.1,75.4,40.6,Yes,Medium
2024-05-07,37.1,41.0,81,8210,66,31.8,24.1,114.9,Yes,Medium
2024-05-08,44.1,130.1,68,2918,96,10.4,21.9,66.3,Yes,Low
2024-05-09,25.6,145.5,41,5155,30,21.7,35.2,69.6,No,Low
2024-05-10,20.4,13.0,79,5047,40,16.5,51.5,63.4,No,Low
2024-05-11,36.8,85.7,67,2315,83,12.9,47.4,113.3,No,Low
2024-05-12,44.4,87.1,33,4605,40,6.6,60.3,79.0,No,Low
2024-05-13,21.5,132.2,63,3412,92,25.7,51.9,107.6,No,Low
2024-05-14,24.5,50.9,58,4052,45,26.8,48.0,100.7,No,Low
2024-05-15,25.0,73.5,51,8962,41,34.3,28.3,76.7,Yes,Medium
2024-05-16,21.0,137.7,86,4954,50,28.0,43.8,60.5,No,Low
2024-05-17,44.9,53.9,45,2205,46,22.9,66.6,61.0,No,Low
2024-05-18,33.2,6.5,70,5433,80,32.8,20.5,78.5,Yes,Medium
2024-05-19,21.3,230.1,70,2903,96,34.5,24.2,64.7,Yes,Low
2024-05-20,30.7,27.1,54,7382,92,8.2,75.9,49.6,No,Medium
2024-05-21,18.6,150.5,66,7900,65,35.2,57.4,87.9,No,Medium
2024-05-22,24.0,124.7,47,8142,22,18.1,70.1,60.6,No,Medium
2024-05-23,25.0,119.6,91,2205,81,12.4,49.0,106.8,No,Low
2024-05-24,39.6,159.1,65,7679,56,23.7,38.5,61.6,No,Medium
2024-05-25,22.3,240.7,59,7633,86,35.1,26.2,67.4,Yes,Medium
2024-05-26,24.8,78.5,87,6663,82,34.4,46.2,54.9,No,Low
2024-05-27,40.9,56.2,34,2100,37,23.5,75.2,33.0,Yes,Low
2024-05-28,43.8,79.9,89,2340,99,17.9,26.7,109.6,Yes,Low
2024-05-29,18.2,205.0,41,2674,26,25.7,25.0,101.5,Yes,Low
2024-05-30,43.6,144.1,84,5920,20,32.5,53.5,79.4,No,Medium
2024-05-31,18.0,37.1,76,3607,64,21.9,21.2,102.1,Yes,Low
2024-06-01,40.5,71.5,83,7377,37,13.2,31.0,85.5,Yes,Medium
2024-06-02,25.6,115.9,49,3386,78,10.6,75.6,93.3,No,Low
2024-06-03,28.0,70.2,78,4171,59,17.7,76.0,107.2,No,Low
2024-06-04,38.0,174.1,51,2675,42,39.7,50.0,101.8,No,Medium
2024-06-05,22.9,243.1,51,6992,84,15.1,29.4,92.9,Yes,Low
2024-06-06,32.4,112.2,88,2640,54,27.9,56.8,79.8,No,Low
2024-06-07,28.0,132.0,36,4970,41,36.1,67.7,108.9,No,Low
2024-06-08,42.6,182.5,70,5691,23,38.2,57.7,94.0,No,Medium
2024-06-09,44.9,126.3,42,3012,92,30.4,31.7,42.8,Yes,Medium
2024-06-10,42.4,187.3,43,3259,36,10.2,29.3,82.7,Yes,Low
2024-06-11,25.4,222.9,35,6902,79,10.6,66.3,71.1,No,Low
2024-06-12,26.8,240.6,72,4815,82,35.2,59.7,37.3,Yes,Low
2024-06-13,41.7,215.4,43,4429,50,24.5,33.6,33.5,Yes,Low
2024-06-14,38.5,231.5,33,8392,43,39.7,75.6,80.0,No,Medium
2024-06-15,20.8,54.8,69,6608,92,25.1,71.9,105.2,No,Low
2024-06-16,27.1,237.5,62,2342,66,18.0,76.7,110.2,No,Low
2024-06-17,44.2,101.5,92,7595,83,8.2,39.0,38.6,Yes,Medium
2024-06-18,33.6,198.5,47,8861,57,34.1,46.5,99.2,No,Medium
2024-06-19,19.0,163.0,66,5829,96,40.0,27.0,51.7,Yes,Low
2024-06-20,29.7,10.6,91,4588,87,18.9,61.6,59.0,No,Low
2024-06-21,44.5,97.0,45,5537,48,33.3,66.4,110.2,No,Medium
2024-06-22,28.6,184.1,60,4278,76,37.8,35.4,88.1,No,Low
2024-06-23,25.7,86.2,37,8567,88,14.3,21.1,65.5,Yes,Low
2024-06-24,44.8,10.9,53,5261,93,13.3,48.9,98.3,No,Medium
2024-06-25,24.8,188.4,33,1772,90,9.7,58.4,69.2,No,Low
2024-06-26,27.1,79.1,87,3123,36,38.3,79.1,91.0,No,Low
2024-06-27,38.1,61.8,55,5247,67,10.5,27.7,89.6,Yes,Low
2024-06-28,41.1,70.1,48,1889,61,28.2,71.7,61.7,No,Low
2024-06-29,42.2,187.9,94,4102,76,25.1,74.5,51.0,No,Low
2024-06-30,18.4,42.2,65,3918,28,28.7,27.2,41.3,Yes,Low
2024-07-01,39.1,75.0,78,2444,32,21.6,41.5,74.2,No,Medium
2024-07-02,35.7,124.1,82,5302,87,8.8,74.4,77.5,No,Low
2024-07-03,27.6,97.0,88,3565,20,11.9,49.7,93.6,No,Low
2024-07-04,43.7,64.5,93,7611,67,17.3,37.2,76.3,No,Medium
2024-07-05,25.7,59.1,41,2373,27,34.2,21.9,36.3,Yes,Medium
2024-07-06,26.4,137.0,51,3253,37,17.0,78.0,42.4,Yes,Low
2024-07-07,40.7,198.2,90,6032,29,28.5,72.7,49.3,No,Medium
2024-07-08,30.9,23.3,79,5969,73,23.2,50.4,39.5,Yes,Low
2024-07-09,28.2,99.2,36,4167,77,23.8,25.7,91.7,Yes,Low
2024-07-10,37.0,136.8,58,6019,87,5.7,32.2,47.3,Yes,Low
2024-07-11,44.0,58.9,34,6188,79,15.7,48.8,58.3,No,Low
2024-07-12,30.3,244.6,56,4774,51,6.9,38.7,53.4,No,Low
2024-07-13,34.5,236.7,80,8181,47,17.4,58.0,105.4,No,Low
2024-07-14,29.7,105.1,72,8437,72,14.0,72.8,97.0,No,Low
2024-07-15,33.7,134.3,31,8877,93,9.3,64.5,31.1,Yes,Low
2024-07-16,24.4,203.1,53,3063,56,30.2,52.1,89.0,No,Low
2024-07-17,40.9,34.5,65,1893,63,19.5,40.4,75.4,No,Low
2024-07-18,34.2,83.6,73,4482,37,20.6,77.6,90.0,No,Low
2024-07-19,44.2,184.7,36,2266,48,6.6,75.3,105.1,No,Low
2024-07-20,34.0,114.3,45,2132,26,35.0,77.0,92.2,No,Medium
2024-07-21,37.2,76.5,33,8256,86,32.6,62.5,63.6,No,Medium
2024-07-22,26.6,234.9,54,4236,28,39.2,45.3,33.4,Yes,Medium
2024-07-23,22.4,55.4,60,5179,26,33.5,71.2,42.2,Yes,Medium
2024-07-24,40.8,41.3,69,3456,67,37.3,27.1,107.2,Yes,Medium
2024-07-25,37.0,111.4,63,7037,31,17.3,55.3,103.9,No,Medium
2024-07-26,43.5,141.2,39,6895,97,25.6,62.5,45.3,No,Low
2024-07-27,20.5,131.8,43,8523,25,31.1,60.3,34.5,Yes,Medium
2024-07-28,38.0,151.9,30,8103,33,17.4,46.8,37.5,Yes,Medium
2024-07-29,28.2,199.1,52,8678,88,36.9,34.2,70.9,Yes,Medium
2024-07-30,19.5,229.6,68,3358,89,12.2,53.6,38.6,Yes,Low
2024-07-31,33.4,168.3,72,7221,26,30.1,45.5,86.7,No,Medium
2024-08-01,44.1,51.4,61,2257,99,9.6,65.3,55.6,No,Low
2024-08-02,41.6,235.7,75,8039,83,36.6,45.5,73.1,No,Medium
2024-08-03,42.3,117.9,90,1973,78,32.5,40.4,97.1,No,Medium
2024-08-04,37.8,134.2,73,8171,21,29.0,67.8,33.0,Yes,Medium
2024-08-05,34.9,7.0,65,6742,77,29.6,35.5,107.7,No,Low
2024-08-06,23.7,232.6,71,1894,81,29.5,71.3,98.2,No,Low
2024-08-07,36.2,14.5,63,5368,73,37.1,28.1,56.9,Yes,Medium
2024-08-08,40.6,202.9,74,3750,92,8.1,55.0,90.3,No,Low
2024-08-09,23.8,7.0,67,4778,56,8.3,38.8,110.7,No,Low
2024-08-10,37.5,84.6,71,7123,58,37.7,58.0,72.4,No,Medium
2024-08-11,43.5,63.2,75,4370,46,33.0,30.8,72.2,Yes,Medium
2024-08-12,29.6,128.4,73,7659,47,27.4,20.1,116.1,Yes,Low
2024-08-13,43.7,133.7,51,6062,75,28.7,20.4,37.5,Yes,Low
2024-08-14,19.9,23.6,40,6765,27,14.6,55.1,48.1,No,Medium
2024-08-15,36.2,84.2,90,2770,40,32.0,30.9,50.0,Yes,Medium
2024-08-16,18.9,219.2,54,8968,41,8.7,64.6,66.0,No,Low
2024-08-17,38.5,8.0,88,6129,63,18.8,75.4,106.3,No,Medium
2024-08-18,31.9,121.7,72,6738,48,18.8,37.6,109.5,No,Low
2024-08-19,21.0,203.3,37,7058,53,18.6,70.9,101.7,No,Low
2024-08-20,25.0,142.0,30,1860,76,18.6,69.8,41.1,Yes,Low
2024-08-21,37.5,112.3,87,5800,47,25.8,32.0,90.6,Yes,Low
2024-08-22,29.6,42.2,83,1830,56,20.3,67.7,105.4,No,Low
2024-08-23,35.6,28.6,59,7144,76,8.0,49.0,86.5,No,Medium
2024-08-24,27.4,231.7,34,3476,31,5.1,63.3,115.7,No,Low
2024-08-25,20.3,124.2,42,8469,40,37.5,31.6,57.0,Yes,Medium
2024-08-26,38.2,168.9,79,5990,87,25.9,70.7,92.2,No,Low
2024-08-27,41.2,68.3,87,7381,86,27.8,29.1,99.7,Yes,Medium
2024-08-28,38.3,6.2,72,5453,65,5.8,46.2,97.9,No,Medium
2024-08-29,30.1,97.2,60,2022,45,32.7,42.5,46.3,No,Low
2024-08-30,30.1,27.9,30,3221,61,10.4,66.2,62.8,No,Low
2024-08-31,39.2,209.0,71,5634,76,25.0,65.6,38.2,Yes,Low
2024-09-01,31.0,228.0,68,6988,90,25.6,52.6,112.6,No,Low
2024-09-02,40.9,152.7,84,1853,94,12.5,69.7,102.5,No,Low
2024-09-03,26.7,249.7,33,1701,66,5.5,55.8,47.5,No,Low
2024-09-04,24.6,135.4,69,2288,32,14.4,57.2,100.8,No,Low
2024-09-05,40.3,132.3,40,3450,25,6.7,36.6,94.4,No,Medium
2024-09-06,23.4,122.1,89,7903,71,13.3,39.1,56.1,No,Low
2024-09-07,23.0,15.9,34,4257,98,31.6,22.8,97.1,Yes,Medium
2024-09-08,25.3,104.6,86,4983,95,17.7,38.5,93.6,No,Low
2024-09-09,33.8,125.6,89,4242,56,24.6,23.6,111.5,Yes,Low
2024-09-10,24.7,24.6,42,8153,46,33.6,71.7,63.3,No,Medium
2024-09-11,42.2,96.1,61,4865,87,16.6,29.8,67.8,Yes,Low
2024-09-12,21.1,195.9,81,7815,44,7.3,31.4,67.7,Yes,Low
2024-09-13,37.1,237.3,80,6773,38,33.0,50.8,94.3,No,Medium
2024-09-14,32.0,51.3,34,1776,67,15.7,59.0,48.9,No,Low
2024-09-15,32.0,146.9,31,8006,34,14.6,30.7,73.7,Yes,Medium
2024-09-16,27.1,206.4,86,6792,92,35.3,56.7,88.5,No,Low
2024-09-17,27.0,27.1,76,6502,76,7.1,36.2,115.4,No,Low
2024-09-18,35.3,208.2,85,6235,31,9.0,76.0,77.1,No,Low
2024-09-19,35.2,160.0,77,4778,76,33.2,56.9,114.6,No,Low
2024-09-20,38.1,58.5,90,2023,91,14.2,71.8,93.9,No,Low
2024-09-21,38.7,219.0,44,3415,58,13.4,51.6,78.4,No,Low
2024-09-22,35.5,109.9,64,5959,84,35.2,41.9,36.4,Yes,Low
2024-09-23,24.7,2.2,42,3808,81,16.4,70.2,59.7,No,Low
2024-09-24,37.0,183.8,43,4443,64,23.6,51.7,81.4,No,Low
2024-09-25,29.1,98.5,63,6350,96,15.2,44.5,38.4,Yes,Low
2024-09-26,42.7,30.4,82,5605,91,16.4,61.8,38.0,Yes,Low
2024-09-27,31.0,233.4,92,1659,34,17.4,75.1,95.4,No,Low
2024-09-28,29.4,72.0,80,6476,28,33.2,42.5,74.1,No,Medium
2024-09-29,33.2,231.9,53,7767,52,22.7,29.2,73.1,Yes,Low
2024-09-30,28.4,10.4,63,8072,32,10.3,41.7,85.4,No,Medium
2024-10-01,35.7,40.7,64,7947,28,35.0,34.7,71.7,Yes,Medium
2024-10-02,18.6,61.3,47,7197,58,8.0,40.5,53.6,No,Low
2024-10-03,26.7,192.6,72,1577,47,22.2,72.5,113.1,No,Low
2024-10-04,38.5,57.5,86,1547,50,5.6,53.7,56.6,No,Low
2024-10-05,32.5,229.5,32,7287,59,22.9,27.6,31.0,Yes,Low
2024-10-06,39.0,40.2,84,3933,21,26.4,50.7,108.6,No,Medium
2024-10-07,38.4,151.9,52,8330,60,30.8,56.1,116.5,No,Medium
2024-10-08,30.7,125.0,81,2307,87,13.6,36.4,114.3,No,Low
2024-10-09,20.7,136.9,88,4613,20,5.1,28.5,30.3,Yes,Low
2024-10-10,44.3,127.3,58,3144,22,23.2,27.5,79.6,Yes,Medium
2024-10-11,19.0,6.2,46,7076,22,24.4,20.3,85.3,Yes,Medium
2024-10-12,19.0,137.9,57,5564,64,30.1,49.5,31.2,Yes,Low
2024-10-13,22.2,55.8,81,2601,55,6.8,29.0,101.5,Yes,Low
2024-10-14,19.2,235.3,72,8020,89,27.0,70.9,87.7,No,Low
2024-10-15,44.2,174.9,94,6270,31,33.9,31.2,65.3,Yes,Medium
2024-10-16,41.1,136.0,73,5321,68,6.9,29.2,84.1,Yes,Low
2024-10-17,38.9,116.5,93,7631,71,33.1,47.1,96.7,No,Medium
2024-10-18,33.6,209.0,68,3677,26,8.5,70.9,56.7,No,Low
2024-10-19,37.7,41.2,63,2019,21,30.3,54.3,50.6,No,Medium
2024-10-20,20.6,59.9,38,5692,28,5.6,21.8,81.0,Yes,Low
2024-10-21,31.3,144.0,49,3348,87,11.2,53.4,118.6,No,Low
2024-10-22,40.4,111.1,36,3453,85,13.1,72.5,71.5,No,Low
2024-10-23,27.0,216.4,85,4072,52,7.9,55.9,84.4,No,Low
2024-10-24,42.8,183.8,39,6870,39,33.3,49.1,88.5,No,Medium
2024-10-25,26.2,42.5,77,1914,40,21.2,49.9,62.3,No,Low
2024-10-26,27.5,112.6,73,7080,95,20.2,54.1,70.8,No,Low
2024-10-27,24.3,117.2,35,3868,46,13.8,51.2,47.6,No,Low
2024-10-28,43.1,235.2,91,7538,52,8.9,66.7,97.6,No,Medium
2024-10-29,35.8,173.0,84,6663,22,38.4,39.5,59.4,No,Medium
2024-10-30,21.6,239.0,58,3647,71,29.6,39.7,61.2,No,Low
2024-10-31,30.8,70.8,88,6233,76,6.5,60.0,35.3,Yes,Low
2024-11-01,29.5,201.1,93,2834,93,14.2,78.9,43.4,Yes,Low
2024-11-02,27.8,181.4,33,2886,96,39.3,34.9,30.1,Yes,Low
2024-11-03,27.9,197.0,95,7730,67,28.1,26.8,71.2,Yes,Low
2024-11-04,41.1,107.4,84,8957,57,6.3,46.4,117.9,No,Medium
2024-11-05,20.3,76.3,42,5237,35,11.0,42.4,48.7,No,Low
2024-11-06,21.9,165.8,42,3882,76,5.3,24.4,114.2,Yes,Low
2024-11-07,21.7,63.1,49,6681,79,16.5,46.4,53.0,No,Low
2024-11-08,24.0,191.2,43,5717,91,17.5,40.2,77.2,No,Low
2024-11-09,21.5,139.5,76,3653,63,18.9,51.5,90.5,No,Low
2024-11-10,20.9,46.6,65,4933,97,29.6,58.7,70.8,No,Low
2024-11-11,41.4,55.6,69,3329,96,35.2,42.6,75.8,No,Medium
2024-11-12,25.3,167.5,57,7430,91,12.7,22.3,99.4,Yes,Low
2024-11-13,23.2,157.4,80,8079,46,16.8,38.5,72.4,No,Low
2024-11-14,41.9,63.8,33,5764,62,32.6,34.5,50.1,Yes,Medium
2024-11-15,29.5,163.2,89,4022,73,17.0,40.8,63.1,No,Low
2024-11-16,20.2,132.9,89,6052,61,24.0,29.8,85.6,Yes,Low
2024-11-17,37.6,221.5,88,7666,45,27.6,26.1,34.1,Yes,Medium
2024-11-18,31.5,89.6,35,2913,53,11.0,44.7,65.5,No,Low
2024-11-19,40.7,172.4,68,8480,86,11.3,26.6,95.8,Yes,Medium
2024-11-20,32.8,139.5,91,8741,84,28.8,66.6,60.3,No,Low
2024-11-21,32.9,237.3,68,4317,34,34.9,75.2,44.4,Yes,Medium
2024-11-22,34.7,244.3,40,3597,22,7.2,35.0,101.9,No,Low
2024-11-23,43.3,43.8,65,8574,55,34.7,70.7,73.8,No,Medium
2024-11-24,33.4,103.9,76,7640,29,27.5,76.1,81.0,No,Medium
2024-11-25,22.8,224.2,61,2663,38,28.7,20.4,82.4,Yes,Low
2024-11-26,44.9,46.4,35,8432,70,39.4,43.9,85.9,No,Medium
2024-11-27,20.3,235.9,32,8768,57,13.4,71.4,48.7,No,Low
2024-11-28,36.8,152.3,87,2166,57,30.1,66.5,119.8,No,Medium
2024-11-29,36.6,37.3,32,7945,82,25.4,24.5,55.3,Yes,Medium
2024-11-30,26.2,60.8,52,7471,90,34.7,35.6,73.6,No,Medium
2024-12-01,24.5,200.1,82,3210,42,11.6,36.1,65.7,No,Low
2024-12-02,35.9,54.7,45,4646,24,18.9,59.9,118.7,No,Low
2024-12-03,18.8,115.0,84,5579,48,23.9,43.2,62.8,No,Low
2024-12-04,20.6,157.6,53,3096,29,34.9,39.7,63.3,No,Medium
2024-12-05,36.4,103.7,78,8459,91,36.9,73.8,56.8,No,Medium
2024-12-06,25.7,49.7,39,3226,65,12.3,30.1,65.0,Yes,Low
2024-12-07,26.1,41.0,84,4092,49,16.4,58.4,97.2,No,Low
2024-12-08,23.1,51.5,36,8012,63,36.9,66.4,115.0,No,Medium
2024-12-09,25.0,6.1,90,6751,20,32.6,67.4,99.0,No,Medium
2024-12-10,29.8,7.3,61,4696,76,38.3,53.7,99.6,No,Medium
2024-12-11,43.5,184.2,82,5657,88,34.6,48.9,40.4,Yes,Medium
2024-12-12,36.1,31.0,39,3760,90,12.3,45.4,106.9,No,Low
2024-12-13,20.2,110.2,83,8848,87,32.4,74.2,45.9,No,Medium
2024-12-14,39.5,16.2,38,6608,27,9.3,51.8,119.3,No,Medium
2024-12-15,23.4,19.2,47,4631,83,16.1,37.3,82.2,No,Low
2024-12-16,40.3,68.3,84,6943,83,17.6,68.2,106.0,No,Low
2024-12-17,27.7,89.5,57,7854,79,25.8,64.3,82.1,No,Low
2024-12-18,22.1,11.8,44,2781,89,9.5,62.8,105.8,No,Low
2024-12-19,32.4,199.5,62,6170,43,30.3,48.6,118.5,No,Low
2024-12-20,24.2,29.4,67,7447,44,13.8,45.0,94.6,No,Medium
2024-12-21,40.4,179.2,56,5970,37,10.7,66.2,66.4,No,Low
2024-12-22,34.4,126.1,73,8826,71,36.2,51.5,69.0,No,Medium
2024-12-23,39.5,125.5,36,1680,99,32.2,68.9,96.2,No,Medium
2024-12-24,38.1,226.5,71,6378,62,26.6,59.4,111.7,No,Low
2024-12-25,20.5,107.1,88,8080,72,31.8,58.7,55.6,No,Medium
2024-12-26,42.0,212.3,70,1785,50,13.8,37.2,81.8,No,Low
2024-12-27,19.4,32.0,79,7544,91,33.9,20.3,101.8,Yes,Medium
2024-12-28,25.4,30.6,40,2076,27,9.9,40.6,38.8,Yes,Low
2024-12-29,36.0,18.1,88,2503,47,23.2,40.4,69.1,No,Low
2024-12-30,36.7,3.8,50,5822,45,30.6,54.3,38.9,Yes,Medium
2024-12-31,23.4,21.4,94,6980,77,7.0,53.7,95.3,No,Low
2025-01-01,21.3,170.1,51,3903,96,20.2,67.1,92.8,No,Low
2025-01-02,22.9,99.4,67,2953,59,18.5,65.4,44.0,Yes,Low
2025-01-03,39.5,48.4,34,7352,83,8.5,75.4,76.6,No,Medium
2025-01-04,40.1,101.9,30,8081,21,26.3,77.4,109.4,No,Medium
2025-01-05,35.2,27.3,35,7025,58,22.1,22.1,82.4,Yes,Medium
2025-01-06,23.0,163.2,73,6002,34,37.0,47.8,113.7,No,Medium
2025-01-07,26.3,65.6,56,6163,36,30.9,41.9,111.3,No,Low
2025-01-08,35.1,166.6,76,7617,78,24.4,44.1,69.7,No,Low
2025-01-09,20.9,37.6,51,5424,46,33.8,56.3,116.0,No,Low
2025-01-10,21.5,85.5,44,4837,29,30.9,24.5,101.9,Yes,Medium
2025-01-11,41.7,70.6,72,6397,87,10.7,39.7,110.7,No,Low
2025-01-12,38.3,114.1,42,2402,27,33.3,20.1,80.6,Yes,Medium
2025-01-13,21.1,70.9,61,6828,75,10.5,48.2,79.4,No,Low
2025-01-14,40.7,69.1,90,6322,81,16.2,68.9,62.2,No,Low
2025-01-15,25.3,233.4,39,5702,46,30.1,29.2,68.0,Yes,Low
2025-01-16,33.9,126.1,55,1766,41,39.3,26.8,115.9,Yes,Low
2025-01-17,43.0,14.9,40,6408,98,5.6,37.7,61.5,No,Medium
2025-01-18,31.3,25.7,63,7099,51,23.9,79.1,114.6,No,Medium
2025-01-19,40.6,225.4,80,8571,42,18.6,24.1,117.6,Yes,Medium
2025-01-20,26.2,91.2,94,7164,39,35.6,75.5,93.3,No,Medium
2025-01-21,41.3,191.0,41,3102,67,25.5,51.8,105.7,No,Low
2025-01-22,22.6,61.7,86,3460,33,29.3,22.7,111.5,Yes,Low
2025-01-23,45.0,217.8,84,7956,97,19.5,49.9,112.9,No,Medium
2025-01-24,28.7,216.3,70,6424,62,24.4,48.3,110.8,No,Low
2025-01-25,18.1,240.4,68,2298,91,6.7,75.9,77.4,No,Low
2025-01-26,21.7,134.1,76,7906,93,33.7,44.7,56.7,No,Medium
2025-01-27,34.5,170.1,89,8659,82,29.9,73.4,78.6,No,Low
2025-01-28,25.3,139.8,70,5386,84,33.5,72.4,32.4,Yes,Low
2025-01-29,30.8,45.2,56,5342,99,7.4,47.4,74.6,No,Low
2025-01-30,34.4,65.9,50,6016,30,29.5,71.8,47.8,No,Low
2025-01-31,40.1,20.8,65,3462,24,38.7,43.4,45.3,No,High
2025-02-01,39.8,134.5,82,8812,63,24.9,67.1,40.9,Yes,Medium
2025-02-02,29.0,8.6,84,5332,61,22.6,41.8,81.0,No,Low
2025-02-03,27.2,220.3,93,2269,78,32.7,23.6,119.4,Yes,Low
2025-02-04,39.8,86.7,87,7545,59,26.1,57.6,42.8,Yes,Medium
2025-02-05,18.5,167.6,93,5872,45,6.6,61.1,98.5,No,Low
2025-02-06,36.5,102.3,32,3381,73,13.5,28.0,35.1,Yes,Low
2025-02-07,27.3,169.4,92,1983,87,39.4,61.4,55.4,No,Low
2025-02-08,25.8,227.0,54,3171,59,14.0,44.4,80.6,No,Low
2025-02-09,30.0,38.0,75,2933,32,24.8,62.9,99.3,No,Low
2025-02-10,21.8,33.9,71,7989,68,25.6,75.4,63.0,No,Low
2025-02-11,40.8,189.8,43,4713,63,17.7,72.7,64.7,No,Low
2025-02-12,30.9,176.1,40,7861,95,15.8,73.3,78.7,No,Low
2025-02-13,37.5,114.1,52,1522,65,37.5,43.6,66.6,No,Medium
2025-02-14,39.1,160.0,88,3251,39,32.1,74.3,95.3,No,Medium
2025-02-15,21.1,223.4,32,3841,39,37.5,43.3,101.7,No,Low
2025-02-16,19.1,12.3,38,3278,79,20.0,57.4,115.2,No,Low
2025-02-17,38.9,104.4,83,8057,96,21.6,21.5,56.4,Yes,Medium
2025-02-18,21.9,83.1,56,7398,29,33.5,65.1,111.7,No,Medium
2025-02-19,28.0,131.9,87,8142,48,9.5,63.5,112.8,No,Low
2025-02-20,20.1,169.4,30,7048,27,12.4,41.9,54.9,No,Medium
2025-02-21,38.9,222.7,70,8112,61,37.9,62.9,95.0,No,Medium
2025-02-22,19.5,102.8,53,7650,27,14.3,59.0,79.3,No,Medium
2025-02-23,23.7,249.6,86,3681,44,21.5,59.6,54.0,No,Low
2025-02-24,24.0,164.2,63,8745,68,29.1,67.2,73.8,No,Low
2025-02-25,18.7,237.7,59,8654,49,29.3,41.0,113.7,No,Low
2025-02-26,20.4,235.6,32,3683,42,21.2,32.5,34.0,Yes,Low
2025-02-27,42.5,61.8,76,6952,96,21.5,38.0,85.5,No,Low
2025-02-28,36.8,157.7,94,6696,80,11.5,64.6,30.2,Yes,Low
2025-03-01,27.0,159.6,77,1742,85,34.0,33.2,70.0,Yes,Low
2025-03-02,18.8,145.3,81,7017,44,22.9,31.4,49.5,Yes,Low
2025-03-03,26.7,46.7,74,2245,29,14.6,34.7,34.5,Yes,Low
2025-03-04,20.0,208.5,76,5373,94,17.2,78.9,36.6,Yes,Low
2025-03-05,31.2,74.7,78,4697,71,13.6,58.8,86.4,No,Low
2025-03-06,30.5,114.5,33,1884,78,26.2,35.0,101.0,No,Low
2025-03-07,30.6,96.3,30,7692,74,27.3,36.7,59.4,No,Low
2025-03-08,25.4,13.1,34,7701,86,18.6,63.9,107.5,No,Medium
2025-03-09,20.6,94.5,59,3909,20,12.8,68.8,52.2,No,Low
2025-03-10,35.8,165.2,87,5058,84,29.6,29.2,48.8,Yes,Low
2025-03-11,38.5,47.9,74,7883,25,16.7,22.9,105.5,Yes,Medium
2025-03-12,21.0,195.4,75,4751,71,39.3,71.4,66.3,No,Low
2025-03-13,28.0,178.4,56,2840,26,32.9,25.3,55.6,Yes,Medium
2025-03-14,30.9,14.7,32,5811,25,5.3,53.7,51.2,No,Medium
2025-03-15,18.3,54.4,71,7382,58,24.9,73.5,107.0,No,Low
2025-03-16,26.4,129.2,31,3591,75,5.9,79.6,38.5,Yes,Low
2025-03-17,34.9,236.6,30,5119,98,38.9,22.1,96.2,Yes,Low
2025-03-18,43.9,30.0,76,2536,22,33.7,69.7,119.3,No,Medium
2025-03-19,29.7,155.8,93,4384,47,24.1,33.7,48.0,Yes,Low
2025-03-20,19.5,165.6,40,8290,34,7.6,67.3,35.8,Yes,Medium
2025-03-21,38.7,116.8,52,6066,71,22.2,36.0,59.6,No,Low
2025-03-22,25.3,220.6,44,5184,33,33.3,62.4,78.6,No,Medium
2025-03-23,19.5,126.0,94,5177,56,19.2,67.1,87.5,No,Low
2025-03-24,25.9,14.2,73,1839,32,11.0,23.1,76.3,Yes,Medium
2025-03-25,27.5,121.2,53,7484,36,18.5,34.0,80.8,Yes,Low
2025-03-26,22.8,170.4,40,4474,76,27.7,52.6,89.0,No,Low
2025-03-27,42.9,128.1,83,6086,50,9.4,57.1,39.6,Yes,Low
2025-03-28,25.3,80.8,94,3446,39,28.8,78.3,112.3,No,Low
2025-03-29,37.5,167.5,76,3450,48,35.8,27.8,58.2,Yes,Medium
2025-03-30,27.0,244.4,69,4092,48,23.4,35.3,83.0,No,Low
2025-03-31,18.1,88.8,40,3840,55,13.9,51.6,72.9,No,Low
2025-04-01,40.1,46.8,59,7547,26,29.8,36.7,39.7,Yes,Medium
2025-04-02,26.9,98.3,81,8128,72,29.5,72.5,87.0,No,Low
2025-04-03,26.5,209.8,59,5622,93,27.0,71.2,81.2,No,Low
2025-04-04,30.4,38.7,82,6985,48,25.8,59.2,114.5,No,Low
2025-04-05,18.9,3.2,50,5495,69,17.8,33.2,93.8,Yes,Low
2025-04-06,29.6,34.4,35,5314,47,30.5,71.5,93.6,No,Low
2025-04-07,40.7,224.2,43,4037,47,12.6,68.4,102.5,No,Low
2025-04-08,41.5,14.8,46,5282,71,22.4,55.5,33.2,Yes,Medium
2025-04-09,43.3,90.2,95,4302,52,21.0,53.3,64.3,No,Low
2025-04-10,41.4,248.2,82,7245,96,14.3,74.8,75.6,No,Medium
2025-04-11,44.1,172.3,93,8488,89,22.7,67.7,106.5,No,Medium
2025-04-12,42.8,56.1,48,4098,46,11.3,41.1,34.1,Yes,Low
2025-04-13,44.6,221.2,72,8140,69,12.2,32.8,81.5,Yes,Medium
2025-04-14,31.6,6.7,74,5977,33,32.1,43.2,118.1,No,Medium
2025-04-15,43.4,44.5,72,2044,22,30.6,24.2,104.2,Yes,Medium
2025-04-16,30.0,41.4,38,4173,63,30.2,75.6,64.9,No,Low
2025-04-17,33.2,210.5,85,5429,83,9.8,22.9,74.9,Yes,Low
2025-04-18,36.1,13.8,87,3637,84,26.3,48.0,105.0,No,Medium
2025-04-19,32.0,185.5,31,1691,74,37.2,69.1,44.5,Yes,Low
2025-04-20,18.8,8.2,69,2342,78,28.9,27.2,105.1,Yes,Low
2025-04-21,24.6,190.0,64,3744,36,30.6,40.3,83.1,No,Low
2025-04-22,32.2,179.6,58,6950,66,24.9,71.4,74.9,No,Low
2025-04-23,24.8,85.4,82,4477,98,31.9,56.0,55.4,No,Low
2025-04-24,33.8,180.6,79,2762,73,12.6,35.2,62.6,No,Low
2025-04-25,21.1,223.1,48,8377,83,34.7,35.7,86.5,No,Medium
2025-04-26,21.0,107.2,40,5344,73,30.4,72.1,75.7,No,Low
2025-04-27,30.5,137.7,78,2514,99,27.8,65.0,78.1,No,Low
2025-04-28,27.2,23.0,81,5041,64,14.1,40.4,49.9,No,Low
2025-04-29,24.4,193.4,46,4937,91,33.7,20.0,51.9,Yes,Low
2025-04-30,33.0,187.0,32,7742,72,39.8,20.2,62.4,Yes,Medium
2025-05-01,37.4,140.3,67,8893,21,33.5,40.1,73.9,No,High
2025-05-02,18.5,78.6,71,2541,26,11.2,57.1,98.6,No,Low
2025-05-03,23.9,67.0,45,2722,49,11.3,71.9,34.2,Yes,Low
2025-05-04,25.8,98.0,33,7521,44,8.1,75.6,33.0,Yes,Low
2025-05-05,39.7,131.6,79,2522,29,33.0,23.2,53.1,Yes,Medium
2025-05-06,43.8,219.4,91,3423,92,20.0,75.1,56.8,No,Low
2025-05-07,21.3,74.9,50,4381,21,24.8,41.8,70.5,No,Low
2025-05-08,34.5,184.0,93,7754,63,19.8,59.9,111.2,No,Low
2025-05-09,24.1,152.3,63,2890,29,29.4,33.9,68.5,Yes,Low
2025-05-10,25.0,28.5,55,5411,77,34.3,36.0,105.0,No,Medium
2025-05-11,39.5,129.7,52,7634,50,15.1,39.7,44.2,Yes,Medium
2025-05-12,19.6,69.3,32,8811,95,12.2,56.2,109.4,No,Low
2025-05-13,23.8,52.3,80,4003,45,13.4,26.4,114.8,Yes,Low
2025-05-14,27.2,136.2,51,8092,23,30.6,25.4,36.8,Yes,Medium
2025-05-15,27.0,214.0,68,6771,60,34.3,42.4,53.1,No,Low
2025-05-16,44.7,120.5,70,8803,30,22.9,72.2,95.4,No,Medium
2025-05-17,44.8,0.4,73,6157,94,36.0,29.2,81.7,Yes,Medium
2025-05-18,43.6,174.0,59,3110,36,5.8,61.7,37.1,Yes,Low
2025-05-19,25.9,192.7,38,7926,30,34.0,69.2,114.3,No,Medium
2025-05-20,23.4,170.9,69,2524,90,38.5,24.6,39.2,Yes,Low
2025-05-21,32.4,227.9,89,4270,96,12.4,28.1,74.4,Yes,Low
2025-05-22,32.3,0.0,75,3915,99,15.3,59.5,44.1,Yes,Low
2025-05-23,18.2,244.7,67,6839,38,6.1,33.4,108.2,Yes,Low
2025-05-24,42.6,10.9,54,1707,64,13.0,47.2,45.0,No,Medium
2025-05-25,24.3,2.8,49,5823,66,11.3,77.4,100.7,No,Low
2025-05-26,24.3,60.5,37,8902,74,13.9,30.2,54.9,Yes,Low
2025-05-27,26.2,149.2,38,4651,38,28.5,28.3,98.2,Yes,Low
2025-05-28,27.1,108.0,65,4040,75,24.8,78.8,59.9,No,Low
2025-05-29,28.2,110.4,51,6116,52,26.2,26.1,34.1,Yes,Low
2025-05-30,23.5,17.7,33,7762,72,30.4,38.6,83.6,No,Medium
2025-05-31,22.8,39.5,79,4933,32,13.7,32.7,99.1,Yes,Low
2025-06-01,18.3,166.9,55,7697,59,17.4,62.9,77.2,No,Low
2025-06-02,22.5,88.7,56,2713,27,5.0,29.0,78.7,Yes,Low
2025-06-03,30.9,184.6,31,5372,53,12.1,22.2,59.5,Yes,Low
2025-06-04,29.6,5.9,93,1665,93,23.0,22.9,32.3,Yes,Low
2025-06-05,25.0,38.5,42,8104,58,33.0,76.8,47.6,No,Medium
2025-06-06,19.8,248.5,83,8646,43,26.5,43.5,46.3,No,Low
2025-06-07,38.2,196.0,81,6391,99,34.6,50.7,77.3,No,Medium
2025-06-08,37.9,75.4,61,4659,87,13.6,65.7,33.4,Yes,Low
2025-06-09,29.4,187.6,77,5258,88,33.3,26.9,44.3,Yes,Low
2025-06-10,39.3,80.3,30,4122,81,13.7,45.4,36.1,Yes,Low
2025-06-11,39.7,218.9,66,2873,51,38.6,39.7,80.1,No,Medium
2025-06-12,32.2,18.7,44,4403,70,25.5,30.9,88.1,Yes,Low
2025-06-13,42.7,132.9,39,2400,91,18.5,56.0,44.2,Yes,Low
2025-06-14,36.3,178.9,85,5203,65,37.2,35.2,100.2,No,Medium
2025-06-15,25.6,207.4,43,6802,91,13.8,34.8,92.2,Yes,Low
2025-06-16,18.9,142.4,76,2084,78,20.5,39.1,117.9,No,Low
2025-06-17,18.8,3.4,76,3938,90,36.6,43.0,58.4,No,Medium
2025-06-18,30.8,54.4,62,2757,24,34.0,30.9,62.3,Yes,Medium
2025-06-19,28.4,202.0,43,1879,58,18.8,26.0,55.4,Yes,Low
2025-06-20,20.2,156.9,71,3726,35,6.1,31.3,119.8,Yes,Low
2025-06-21,23.0,78.0,86,1674,80,16.3,57.6,87.2,No,Low
2025-06-22,30.1,61.5,88,3709,57,26.2,61.9,75.3,No,Low
2025-06-23,43.3,107.8,76,6579,80,17.2,39.6,50.0,No,Low
2025-06-24,32.4,79.9,86,4513,46,12.8,46.0,30.6,Yes,Low
2025-06-25,30.1,238.2,46,2183,24,17.5,72.8,63.3,No,Low
2025-06-26,18.5,68.8,37,2982,44,32.7,45.5,42.8,Yes,Low
2025-06-27,36.7,95.8,39,5912,95,19.3,32.7,73.3,Yes,Low
2025-06-28,33.2,190.9,60,6558,78,39.5,54.2,57.0,No,Low
2025-06-29,39.5,198.3,79,5626,94,26.8,71.0,35.6,Yes,Low
2025-06-30,44.1,198.6,38,8123,71,31.6,73.0,110.8,No,Medium
2025-07-01,33.2,162.6,47,8206,41,7.3,33.8,48.7,Yes,Low
2025-07-02,41.1,224.7,37,7698,71,23.5,29.9,35.7,Yes,Medium
2025-07-03,26.7,237.8,76,1970,46,27.4,52.7,50.1,No,Low
2025-07-04,44.7,4.8,51,6087,80,10.6,57.0,118.2,No,Medium
2025-07-05,44.1,247.7,50,5133,89,22.7,59.6,79.5,No,Low
2025-07-06,36.1,234.5,63,5218,37,8.6,53.1,52.6,No,Low
2025-07-07,43.0,14.7,71,2382,51,8.0,45.7,35.6,Yes,Medium
2025-07-08,21.2,22.2,79,2298,34,33.8,33.6,103.9,Yes,Medium
2025-07-09,32.3,25.9,53,2514,32,6.3,74.3,60.6,No,Medium
2025-07-10,44.1,141.2,70,5702,39,29.4,72.4,75.6,No,Low
2025-07-11,22.2,56.5,38,6997,58,27.7,25.9,53.4,Yes,Low
2025-07-12,26.2,101.5,66,5884,36,5.7,62.8,87.9,No,Low
2025-07-13,44.6,36.2,57,7960,42,30.0,75.4,85.7,No,Medium
2025-07-14,34.6,201.7,38,3173,95,15.4,54.6,86.3,No,Low
2025-07-15,39.1,232.1,51,4303,95,25.6,24.1,39.3,Yes,Low
2025-07-16,44.6,243.7,48,7003,58,17.5,35.3,87.3,No,Medium
2025-07-17,38.0,202.6,71,5987,64,5.8,40.5,116.0,No,Low
2025-07-18,22.6,151.0,92,6339,30,19.3,52.0,52.0,No,Low
2025-07-19,28.5,73.1,88,1943,50,39.4,76.8,68.7,No,Low
2025-07-20,18.1,170.7,62,3349,29,31.8,30.4,43.9,Yes,Medium
2025-07-21,19.2,90.1,60,4565,29,6.3,38.1,48.8,No,Low
2025-07-22,32.6,39.2,46,4029,75,33.8,23.4,46.2,Yes,Low
2025-07-23,26.2,46.9,39,6208,84,20.8,35.6,56.6,No,Low
2025-07-24,42.0,235.7,71,5715,90,11.9,34.4,71.1,Yes,Low
2025-07-25,29.9,243.4,69,3643,58,8.0,33.0,99.7,Yes,Low
2025-07-26,30.5,187.8,42,3843,86,30.3,23.0,87.1,Yes,Low
2025-07-27,38.2,167.2,47,6376,92,24.6,43.0,119.8,No,Low
2025-07-28,18.3,35.0,46,3413,76,7.9,41.2,72.5,No,Low
2025-07-29,32.0,21.3,88,7368,68,31.4,64.9,72.4,No,Medium
2025-07-30,42.4,111.7,32,3814,92,15.5,74.8,104.5,No,Low
2025-07-31,38.1,172.5,54,4121,37,17.1,69.6,49.1,No,Low
2025-08-01,33.2,70.2,65,8749,34,39.6,48.3,51.9,No,Medium
2025-08-02,35.3,81.9,79,4564,67,34.5,35.3,47.2,No,Low
2025-08-03,20.8,196.1,36,8803,96,11.2,55.1,116.4,No,Low
2025-08-04,19.2,248.6,77,5951,67,25.1,79.6,75.0,No,Low
2025-08-05,22.3,147.3,82,6044,24,31.7,50.4,44.3,Yes,Medium
2025-08-06,22.2,231.7,85,5142,26,6.7,42.0,77.1,No,Low
2025-08-07,28.9,214.0,92,2234,49,26.3,38.1,46.4,No,Low
2025-08-08,32.9,233.3,35,3863,24,16.7,49.7,73.5,No,Low
2025-08-09,37.5,123.5,82,2474,44,18.2,47.9,60.5,No,Low
2025-08-10,35.4,79.0,71,4051,60,24.0,35.0,103.9,No,Low
2025-08-11,44.5,228.4,86,6786,41,15.5,77.1,71.9,No,Low
2025-08-12,24.7,66.5,43,4299,64,38.1,72.4,117.6,No,Low
2025-08-13,26.2,55.6,52,3332,34,6.4,25.1,37.7,Yes,Low
2025-08-14,22.8,116.6,75,4406,48,36.4,67.6,87.7,No,Low
2025-08-15,37.1,45.6,66,6027,93,16.4,44.9,113.6,No,Low
2025-08-16,35.8,80.2,94,8141,74,21.2,41.5,49.7,No,Low
2025-08-17,29.3,2.6,57,1870,84,6.2,60.1,81.5,No,Low
2025-08-18,35.4,12.4,40,4942,87,9.3,59.0,35.3,Yes,Low
2025-08-19,23.4,1.1,74,5118,29,33.5,30.9,82.2,Yes,Medium
2025-08-20,18.9,233.7,51,3553,95,23.1,65.1,60.8,No,Low
2025-08-21,31.9,180.9,83,3792,94,19.3,23.1,96.7,Yes,Low
2025-08-22,42.9,94.9,86,5923,51,35.1,61.7,56.1,No,Medium
2025-08-23,31.9,60.5,32,3765,93,21.5,37.7,118.0,No,Low
2025-08-24,20.2,129.2,89,7135,74,18.5,78.7,106.0,No,Low
2025-08-25,20.4,36.5,82,7869,64,12.9,42.9,51.7,No,Low
2025-08-26,34.2,223.7,68,6920,45,36.1,23.3,101.7,Yes,Low
2025-08-27,36.1,170.1,56,1575,37,27.4,62.9,87.5,No,Low
2025-08-28,27.5,164.5,75,8883,31,17.8,31.0,37.4,Yes,Medium
2025-08-29,33.1,31.1,58,2739,32,5.4,59.7,43.9,Yes,Low
2025-08-30,37.7,243.7,55,4214,68,16.9,52.0,32.5,Yes,Low
2025-08-31,29.3,133.9,63,1829,80,30.4,73.5,113.1,No,Low
2025-09-01,39.8,183.4,56,5301,65,6.7,21.7,37.7,Yes,Low
2025-09-02,26.1,104.0,61,6198,53,19.8,54.9,49.2,No,Low
2025-09-03,32.0,75.5,67,7052,43,9.4,56.9,106.4,No,Low
2025-09-04,44.0,220.5,95,7269,48,29.9,22.9,74.6,Yes,Medium
2025-09-05,34.9,87.2,72,8821,69,24.7,70.5,90.6,No,Low
2025-09-06,41.8,132.5,45,6823,85,36.8,27.2,92.6,Yes,Medium
2025-09-07,23.0,229.1,52,8873,66,15.7,47.5,36.9,Yes,Low
2025-09-08,19.6,139.9,48,4553,60,18.1,31.9,76.0,Yes,Low
2025-09-09,40.0,103.9,90,5684,28,39.4,46.1,52.9,No,Medium
2025-09-10,19.6,17.4,34,6128,42,36.2,39.7,71.4,No,Medium
2025-09-11,39.7,185.9,70,8536,30,35.2,65.1,55.6,No,High
2025-09-12,35.3,184.7,85,7674,66,26.9,36.8,47.5,No,Low
2025-09-13,42.5,199.6,94,3471,44,12.6,35.2,85.5,No,Low
2025-09-14,20.2,162.6,82,7209,21,38.0,45.3,68.9,No,Medium
2025-09-15,24.0,91.7,75,6452,73,28.2,44.4,43.9,Yes,Low
2025-09-16,38.6,106.7,75,5794,54,26.9,33.0,112.0,Yes,Low
2025-09-17,36.9,219.4,75,8408,37,33.7,35.8,81.5,No,Medium
2025-09-18,32.4,219.0,45,8211,91,13.6,50.0,89.9,No,Low
2025-09-19,19.0,136.6,33,7990,59,35.4,79.7,108.4,No,Medium
2025-09-20,31.8,129.4,49,5364,51,34.8,36.2,69.4,No,Low
2025-09-21,39.9,168.6,75,5428,72,19.8,67.6,81.6,No,Low
2025-09-22,26.7,145.0,52,4651,25,12.8,51.8,86.0,No,Low
2025-09-23,32.7,228.8,53,3998,22,26.2,70.1,53.8,No,Low
2025-09-24,27.3,206.2,37,6064,62,9.9,54.6,92.4,No,Low
2025-09-25,31.4,144.5,86,6344,92,12.2,68.0,66.8,No,Low
2025-09-26,35.7,98.9,87,5785,75,14.3,79.4,61.8,No,Low
